StartDate,EndDate,Status,IPAddress,Progress,Duration (in seconds),Finished,RecordedDate,ResponseId,RecipientLastName,RecipientFirstName,RecipientEmail,ExternalReference,LocationLatitude,LocationLongitude,DistributionChannel,UserLanguage,Q9,Q10,Q11,Q13,Q12,Q14,Q15,Q16_1,Q16_2,Q16_3,Q16_4,Q16_5,Q16_29,Q16_14,Q12,Q1_27,Q1_28,Q1_29,Q1_30,Q1_31,Q1_32,Q1_33,Q1_35,Q1_35_TEXT,Q19_1_1,Q19_1_2,Q19_1_3,Q19_1_4,Q19_1_5,Q19_1_6,Q19_1_7,Q19_1_8,Q19_1_9,Q19_2_1,Q19_2_2,Q19_2_3,Q19_2_4,Q19_2_5,Q19_2_6,Q19_2_7,Q19_2_8,Q19_2_9,Q19_3_1,Q19_3_2,Q19_3_3,Q19_3_4,Q19_3_5,Q19_3_6,Q19_3_7,Q19_3_8,Q19_3_9,Q19_4_1,Q19_4_2,Q19_4_3,Q19_4_4,Q19_4_5,Q19_4_6,Q19_4_7,Q19_4_8,Q19_4_9,Q19_5_1,Q19_5_2,Q19_5_3,Q19_5_4,Q19_5_5,Q19_5_6,Q19_5_7,Q19_5_8,Q19_5_9,Q19_6_1,Q19_6_2,Q19_6_3,Q19_6_4,Q19_6_5,Q19_6_6,Q19_6_7,Q19_6_8,Q19_6_9,Q19_7_1,Q19_7_2,Q19_7_3,Q19_7_4,Q19_7_5,Q19_7_6,Q19_7_7,Q19_7_8,Q19_7_9,Q19_8_1,Q19_8_2,Q19_8_3,Q19_8_4,Q19_8_5,Q19_8_6,Q19_8_7,Q19_8_8,Q19_8_9,Q19_9_1,Q19_9_2,Q19_9_3,Q19_9_4,Q19_9_5,Q19_9_6,Q19_9_7,Q19_9_8,Q19_9_9,Q19_9_TEXT,Q21_1_1,Q21_1_2,Q21_1_3,Q21_1_4,Q21_1_5,Q21_1_6,Q21_1_7,Q21_2_1,Q21_2_2,Q21_2_3,Q21_2_4,Q21_2_5,Q21_2_6,Q21_2_7,Q21_3_1,Q21_3_2,Q21_3_3,Q21_3_4,Q21_3_5,Q21_3_6,Q21_3_7,Q21_4_1,Q21_4_2,Q21_4_3,Q21_4_4,Q21_4_5,Q21_4_6,Q21_4_7,Q21_5_1,Q21_5_2,Q21_5_3,Q21_5_4,Q21_5_5,Q21_5_6,Q21_5_7,Q21_6_1,Q21_6_2,Q21_6_3,Q21_6_4,Q21_6_5,Q21_6_6,Q21_6_7,Q21_7_1,Q21_7_2,Q21_7_3,Q21_7_4,Q21_7_5,Q21_7_6,Q21_7_7,Q21_8_1,Q21_8_2,Q21_8_3,Q21_8_4,Q21_8_5,Q21_8_6,Q21_8_7,Q21_9_1,Q21_9_2,Q21_9_3,Q21_9_4,Q21_9_5,Q21_9_6,Q21_9_7,Q21_9_TEXT,Q14,Q25_1,Q25_2,Q25_3,Q25_4,Q25_5,Q25_6,Q24_1,Q24_2,Q24_3,Q24_4,Q24_5,Q24_6,Q24_7,Q24_8
Start Date,End Date,Response Type,IP Address,Progress,Duration (in seconds),Finished,Recorded Date,Response ID,Recipient Last Name,Recipient First Name,Recipient Email,External Data Reference,Location Latitude,Location Longitude,Distribution Channel,User Language,"What was the last day during which you had normal instruction (before any impacts due to COVID-19)? 
 


Please Choose a Date

  Qualtrics.SurveyEngine.addOnload(function(){var qid =this.questionId;var calid = qid +'_cal';var y =QBuilder('div');
  $(y).setStyle({clear:'both'});var d =QBuilder('div',{className:'yui-skin-sam'},[QBuilder('div',{id:calid}),
    y
  ]);var c =this.questionContainer;
  c = $(c).down('.QuestionText');
  c.appendChild(d);var cal1 =new YAHOO.widget.Calendar(calid); 
  cal1.render();var input = $('QR~'+ qid);
  $(input).setStyle({marginTop:'20px',width:'150px'});var p =$(input).up();var x =QBuilder('div');
  $(x).setStyle({clear:'both'});
  p.insert(x,{position:'before'});
    cal1.selectEvent.subscribe(function(e,dates){var date = dates[0][0];if(date[1]",Did your school stop normal instruction due to COVID-19?,"If you communicate with students, when and how do you do so?","If you communicate with students, when and how do you do so?",What have been the greatest challenges you have faced when sending homework for students to complete?,What technologies do you use for online teaching?,"What, if any, have been the greatest challenges you have faced where it comes to moving instruction online?","Thinking about your current teaching (whether this involves sending homework, packets, or other resources home, or teaching some or all of the time online), rate your degree of confidence in doing following activities from 1 (cannot do at all) to 100 (can definitely do) - Get through to the most difficult students","Thinking about your current teaching (whether this involves sending homework, packets, or other resources home, or teaching some or all of the time online), rate your degree of confidence in doing following activities from 1 (cannot do at all) to 100 (can definitely do) - Motivate students who show low interest in school work","Thinking about your current teaching (whether this involves sending homework, packets, or other resources home, or teaching some or all of the time online), rate your degree of confidence in doing following activities from 1 (cannot do at all) to 100 (can definitely do) - Overcome influence of adverse community conditions on students' learning","Thinking about your current teaching (whether this involves sending homework, packets, or other resources home, or teaching some or all of the time online), rate your degree of confidence in doing following activities from 1 (cannot do at all) to 100 (can definitely do) - Get parents to become involved in school activities","Thinking about your current teaching (whether this involves sending homework, packets, or other resources home, or teaching some or all of the time online), rate your degree of confidence in doing following activities from 1 (cannot do at all) to 100 (can definitely do) - Assist parents in helping their children do well in school","Thinking about your current teaching (whether this involves sending homework, packets, or other resources home, or teaching some or all of the time online), rate your degree of confidence in doing following activities from 1 (cannot do at all) to 100 (can definitely do) - Make parents feel comfortable with distance learning","Thinking about your current teaching (whether this involves sending homework, packets, or other resources home, or teaching some or all of the time online), rate your degree of confidence in doing following activities from 1 (cannot do at all) to 100 (can definitely do) - Get the instructional materials I need","Please list the most pressing goal, concern, event, or question that influenced your professional social media use since the last survey.",Which tools did you use this work week (M-F)? (Please check all that apply) - Selected Choice - Twitter,Which tools did you use this work week (M-F)? (Please check all that apply) - Selected Choice - Facebook,Which tools did you use this work week (M-F)? (Please check all that apply) - Selected Choice - LinkedIn,Which tools did you use this work week (M-F)? (Please check all that apply) - Selected Choice - Pinterest,Which tools did you use this work week (M-F)? (Please check all that apply) - Selected Choice - Instagram,Which tools did you use this work week (M-F)? (Please check all that apply) - Selected Choice - Reddit,Which tools did you use this work week (M-F)? (Please check all that apply) - Selected Choice - Teacher Blogs,Which tools did you use this work week (M-F)? (Please check all that apply) - Selected Choice - Other,Which tools did you use this work week (M-F)? (Please check all that apply) - Other - Text,Why did you use each of these tools? (Please select all that apply.) - Twitter - finding material for class,Why did you use each of these tools? (Please select all that apply.) - Twitter - sharing my materials,Why did you use each of these tools? (Please select all that apply.) - Twitter - sharing my experiences,Why did you use each of these tools? (Please select all that apply.) - Twitter - learning about or reviewing curricular content,Why did you use each of these tools? (Please select all that apply.) - Twitter - learning about or reviewing teaching strategies,Why did you use each of these tools? (Please select all that apply.) - Twitter - connecting with other educators,Why did you use each of these tools? (Please select all that apply.) - Twitter - seeking emotional support,"Why did you use each of these tools? (Please select all that apply.) - Twitter - following or engaging with specific organizations (e.g., NCTM)","Why did you use each of these tools? (Please select all that apply.) - Twitter - following or engaging with specific websites (e.g., Teachers Pay Teachers)",Why did you use each of these tools? (Please select all that apply.) - Facebook - finding material for class,Why did you use each of these tools? (Please select all that apply.) - Facebook - sharing my materials,Why did you use each of these tools? (Please select all that apply.) - Facebook - sharing my experiences,Why did you use each of these tools? (Please select all that apply.) - Facebook - learning about or reviewing curricular content,Why did you use each of these tools? (Please select all that apply.) - Facebook - learning about or reviewing teaching strategies,Why did you use each of these tools? (Please select all that apply.) - Facebook - connecting with other educators,Why did you use each of these tools? (Please select all that apply.) - Facebook - seeking emotional support,"Why did you use each of these tools? (Please select all that apply.) - Facebook - following or engaging with specific organizations (e.g., NCTM)","Why did you use each of these tools? (Please select all that apply.) - Facebook - following or engaging with specific websites (e.g., Teachers Pay Teachers)",Why did you use each of these tools? (Please select all that apply.) - LinkedIn - finding material for class,Why did you use each of these tools? (Please select all that apply.) - LinkedIn - sharing my materials,Why did you use each of these tools? (Please select all that apply.) - LinkedIn - sharing my experiences,Why did you use each of these tools? (Please select all that apply.) - LinkedIn - learning about or reviewing curricular content,Why did you use each of these tools? (Please select all that apply.) - LinkedIn - learning about or reviewing teaching strategies,Why did you use each of these tools? (Please select all that apply.) - LinkedIn - connecting with other educators,Why did you use each of these tools? (Please select all that apply.) - LinkedIn - seeking emotional support,"Why did you use each of these tools? (Please select all that apply.) - LinkedIn - following or engaging with specific organizations (e.g., NCTM)","Why did you use each of these tools? (Please select all that apply.) - LinkedIn - following or engaging with specific websites (e.g., Teachers Pay Teachers)",Why did you use each of these tools? (Please select all that apply.) - Pinterest - finding material for class,Why did you use each of these tools? (Please select all that apply.) - Pinterest - sharing my materials,Why did you use each of these tools? (Please select all that apply.) - Pinterest - sharing my experiences,Why did you use each of these tools? (Please select all that apply.) - Pinterest - learning about or reviewing curricular content,Why did you use each of these tools? (Please select all that apply.) - Pinterest - learning about or reviewing teaching strategies,Why did you use each of these tools? (Please select all that apply.) - Pinterest - connecting with other educators,Why did you use each of these tools? (Please select all that apply.) - Pinterest - seeking emotional support,"Why did you use each of these tools? (Please select all that apply.) - Pinterest - following or engaging with specific organizations (e.g., NCTM)","Why did you use each of these tools? (Please select all that apply.) - Pinterest - following or engaging with specific websites (e.g., Teachers Pay Teachers)",Why did you use each of these tools? (Please select all that apply.) - Instagram - finding material for class,Why did you use each of these tools? (Please select all that apply.) - Instagram - sharing my materials,Why did you use each of these tools? (Please select all that apply.) - Instagram - sharing my experiences,Why did you use each of these tools? (Please select all that apply.) - Instagram - learning about or reviewing curricular content,Why did you use each of these tools? (Please select all that apply.) - Instagram - learning about or reviewing teaching strategies,Why did you use each of these tools? (Please select all that apply.) - Instagram - connecting with other educators,Why did you use each of these tools? (Please select all that apply.) - Instagram - seeking emotional support,"Why did you use each of these tools? (Please select all that apply.) - Instagram - following or engaging with specific organizations (e.g., NCTM)","Why did you use each of these tools? (Please select all that apply.) - Instagram - following or engaging with specific websites (e.g., Teachers Pay Teachers)",Why did you use each of these tools? (Please select all that apply.) - Reddit - finding material for class,Why did you use each of these tools? (Please select all that apply.) - Reddit - sharing my materials,Why did you use each of these tools? (Please select all that apply.) - Reddit - sharing my experiences,Why did you use each of these tools? (Please select all that apply.) - Reddit - learning about or reviewing curricular content,Why did you use each of these tools? (Please select all that apply.) - Reddit - learning about or reviewing teaching strategies,Why did you use each of these tools? (Please select all that apply.) - Reddit - connecting with other educators,Why did you use each of these tools? (Please select all that apply.) - Reddit - seeking emotional support,"Why did you use each of these tools? (Please select all that apply.) - Reddit - following or engaging with specific organizations (e.g., NCTM)","Why did you use each of these tools? (Please select all that apply.) - Reddit - following or engaging with specific websites (e.g., Teachers Pay Teachers)",Why did you use each of these tools? (Please select all that apply.) - Teacher Blogs - finding material for class,Why did you use each of these tools? (Please select all that apply.) - Teacher Blogs - sharing my materials,Why did you use each of these tools? (Please select all that apply.) - Teacher Blogs - sharing my experiences,Why did you use each of these tools? (Please select all that apply.) - Teacher Blogs - learning about or reviewing curricular content,Why did you use each of these tools? (Please select all that apply.) - Teacher Blogs - learning about or reviewing teaching strategies,Why did you use each of these tools? (Please select all that apply.) - Teacher Blogs - connecting with other educators,Why did you use each of these tools? (Please select all that apply.) - Teacher Blogs - seeking emotional support,"Why did you use each of these tools? (Please select all that apply.) - Teacher Blogs - following or engaging with specific organizations (e.g., NCTM)","Why did you use each of these tools? (Please select all that apply.) - Teacher Blogs - following or engaging with specific websites (e.g., Teachers Pay Teachers)",Why did you use each of these tools? (Please select all that apply.) - None - finding material for class,Why did you use each of these tools? (Please select all that apply.) - None - sharing my materials,Why did you use each of these tools? (Please select all that apply.) - None - sharing my experiences,Why did you use each of these tools? (Please select all that apply.) - None - learning about or reviewing curricular content,Why did you use each of these tools? (Please select all that apply.) - None - learning about or reviewing teaching strategies,Why did you use each of these tools? (Please select all that apply.) - None - connecting with other educators,Why did you use each of these tools? (Please select all that apply.) - None - seeking emotional support,"Why did you use each of these tools? (Please select all that apply.) - None - following or engaging with specific organizations (e.g., NCTM)","Why did you use each of these tools? (Please select all that apply.) - None - following or engaging with specific websites (e.g., Teachers Pay Teachers)",Why did you use each of these tools? (Please select all that apply.) - Other - finding material for class,Why did you use each of these tools? (Please select all that apply.) - Other - sharing my materials,Why did you use each of these tools? (Please select all that apply.) - Other - sharing my experiences,Why did you use each of these tools? (Please select all that apply.) - Other - learning about or reviewing curricular content,Why did you use each of these tools? (Please select all that apply.) - Other - learning about or reviewing teaching strategies,Why did you use each of these tools? (Please select all that apply.) - Other - connecting with other educators,Why did you use each of these tools? (Please select all that apply.) - Other - seeking emotional support,"Why did you use each of these tools? (Please select all that apply.) - Other - following or engaging with specific organizations (e.g., NCTM)","Why did you use each of these tools? (Please select all that apply.) - Other - following or engaging with specific websites (e.g., Teachers Pay Teachers)",Why did you use each of these tools? (Please select all that apply.) - Other - Text,What features of these tools did you use? (Please select all that apply). - Twitter - creating posts or pages,What features of these tools did you use? (Please select all that apply). - Twitter - sharing or reposting others' posts,What features of these tools did you use? (Please select all that apply). - Twitter - replying to others' posts,What features of these tools did you use? (Please select all that apply). - Twitter - bookmarking or saving posts or pages,What features of these tools did you use? (Please select all that apply). - Twitter - searching (through a search bar or function),"What features of these tools did you use? (Please select all that apply). - Twitter - subscribed to or followed a person, page, or resource",What features of these tools did you use? (Please select all that apply). - Twitter - contacted a page or other user privately,What features of these tools did you use? (Please select all that apply). - Facebook - creating posts or pages,What features of these tools did you use? (Please select all that apply). - Facebook - sharing or reposting others' posts,What features of these tools did you use? (Please select all that apply). - Facebook - replying to others' posts,What features of these tools did you use? (Please select all that apply). - Facebook - bookmarking or saving posts or pages,What features of these tools did you use? (Please select all that apply). - Facebook - searching (through a search bar or function),"What features of these tools did you use? (Please select all that apply). - Facebook - subscribed to or followed a person, page, or resource",What features of these tools did you use? (Please select all that apply). - Facebook - contacted a page or other user privately,What features of these tools did you use? (Please select all that apply). - LinkedIn - creating posts or pages,What features of these tools did you use? (Please select all that apply). - LinkedIn - sharing or reposting others' posts,What features of these tools did you use? (Please select all that apply). - LinkedIn - replying to others' posts,What features of these tools did you use? (Please select all that apply). - LinkedIn - bookmarking or saving posts or pages,What features of these tools did you use? (Please select all that apply). - LinkedIn - searching (through a search bar or function),"What features of these tools did you use? (Please select all that apply). - LinkedIn - subscribed to or followed a person, page, or resource",What features of these tools did you use? (Please select all that apply). - LinkedIn - contacted a page or other user privately,What features of these tools did you use? (Please select all that apply). - Pinterest - creating posts or pages,What features of these tools did you use? (Please select all that apply). - Pinterest - sharing or reposting others' posts,What features of these tools did you use? (Please select all that apply). - Pinterest - replying to others' posts,What features of these tools did you use? (Please select all that apply). - Pinterest - bookmarking or saving posts or pages,What features of these tools did you use? (Please select all that apply). - Pinterest - searching (through a search bar or function),"What features of these tools did you use? (Please select all that apply). - Pinterest - subscribed to or followed a person, page, or resource",What features of these tools did you use? (Please select all that apply). - Pinterest - contacted a page or other user privately,What features of these tools did you use? (Please select all that apply). - Instagram - creating posts or pages,What features of these tools did you use? (Please select all that apply). - Instagram - sharing or reposting others' posts,What features of these tools did you use? (Please select all that apply). - Instagram - replying to others' posts,What features of these tools did you use? (Please select all that apply). - Instagram - bookmarking or saving posts or pages,What features of these tools did you use? (Please select all that apply). - Instagram - searching (through a search bar or function),"What features of these tools did you use? (Please select all that apply). - Instagram - subscribed to or followed a person, page, or resource",What features of these tools did you use? (Please select all that apply). - Instagram - contacted a page or other user privately,What features of these tools did you use? (Please select all that apply). - Reddit - creating posts or pages,What features of these tools did you use? (Please select all that apply). - Reddit - sharing or reposting others' posts,What features of these tools did you use? (Please select all that apply). - Reddit - replying to others' posts,What features of these tools did you use? (Please select all that apply). - Reddit - bookmarking or saving posts or pages,What features of these tools did you use? (Please select all that apply). - Reddit - searching (through a search bar or function),"What features of these tools did you use? (Please select all that apply). - Reddit - subscribed to or followed a person, page, or resource",What features of these tools did you use? (Please select all that apply). - Reddit - contacted a page or other user privately,What features of these tools did you use? (Please select all that apply). - Teacher Blogs - creating posts or pages,What features of these tools did you use? (Please select all that apply). - Teacher Blogs - sharing or reposting others' posts,What features of these tools did you use? (Please select all that apply). - Teacher Blogs - replying to others' posts,What features of these tools did you use? (Please select all that apply). - Teacher Blogs - bookmarking or saving posts or pages,What features of these tools did you use? (Please select all that apply). - Teacher Blogs - searching (through a search bar or function),"What features of these tools did you use? (Please select all that apply). - Teacher Blogs - subscribed to or followed a person, page, or resource",What features of these tools did you use? (Please select all that apply). - Teacher Blogs - contacted a page or other user privately,What features of these tools did you use? (Please select all that apply). - None - creating posts or pages,What features of these tools did you use? (Please select all that apply). - None - sharing or reposting others' posts,What features of these tools did you use? (Please select all that apply). - None - replying to others' posts,What features of these tools did you use? (Please select all that apply). - None - bookmarking or saving posts or pages,What features of these tools did you use? (Please select all that apply). - None - searching (through a search bar or function),"What features of these tools did you use? (Please select all that apply). - None - subscribed to or followed a person, page, or resource",What features of these tools did you use? (Please select all that apply). - None - contacted a page or other user privately,What features of these tools did you use? (Please select all that apply). - Other - creating posts or pages,What features of these tools did you use? (Please select all that apply). - Other - sharing or reposting others' posts,What features of these tools did you use? (Please select all that apply). - Other - replying to others' posts,What features of these tools did you use? (Please select all that apply). - Other - bookmarking or saving posts or pages,What features of these tools did you use? (Please select all that apply). - Other - searching (through a search bar or function),"What features of these tools did you use? (Please select all that apply). - Other - subscribed to or followed a person, page, or resource",What features of these tools did you use? (Please select all that apply). - Other - contacted a page or other user privately,What features of these tools did you use? (Please select all that apply). - Other - Text,Is there any reason for using social media or way that you used social media this week that the previous questions did not capture?,How often has using each of the following technologies caused you stress over the past 7 days? - Videoconferencing software for work,How often has using each of the following technologies caused you stress over the past 7 days? - Videoconferencing software for my children,"How often has using each of the following technologies caused you stress over the past 7 days? - Computer Hardware (e.g., computer, laptop)","How often has using each of the following technologies caused you stress over the past 7 days? - Learning management software (e.g., Canvas, Blackboard)",How often has using each of the following technologies caused you stress over the past 7 days? - Email,How often has using each of the following technologies caused you stress over the past 7 days? - Social Media,How often have each of the following caused you stress over the past 7 days? - Parenting issues,How often have each of the following caused you stress over the past 7 days? - Family relationships,How often have each of the following caused you stress over the past 7 days? - Friendships,How often have each of the following caused you stress over the past 7 days? - Mental health problems,How often have each of the following caused you stress over the past 7 days? - Physical health problems,How often have each of the following caused you stress over the past 7 days? - Coronavirus related to yourself,How often have each of the following caused you stress over the past 7 days? - Coronavirus related to your family,How often have each of the following caused you stress over the past 7 days? - Coronavirus and your larger community/country
"{""ImportId"":""startDate"",""timeZone"":""America/Denver""}","{""ImportId"":""endDate"",""timeZone"":""America/Denver""}","{""ImportId"":""status""}","{""ImportId"":""ipAddress""}","{""ImportId"":""progress""}","{""ImportId"":""duration""}","{""ImportId"":""finished""}","{""ImportId"":""recordedDate"",""timeZone"":""America/Denver""}","{""ImportId"":""_recordId""}","{""ImportId"":""recipientLastName""}","{""ImportId"":""recipientFirstName""}","{""ImportId"":""recipientEmail""}","{""ImportId"":""externalDataReference""}","{""ImportId"":""locationLatitude""}","{""ImportId"":""locationLongitude""}","{""ImportId"":""distributionChannel""}","{""ImportId"":""userLanguage""}","{""ImportId"":""QID27_TEXT""}","{""ImportId"":""QID28""}","{""ImportId"":""QID29_TEXT""}","{""ImportId"":""QID31_TEXT""}","{""ImportId"":""QID30_TEXT""}","{""ImportId"":""QID32_TEXT""}","{""ImportId"":""QID33_TEXT""}","{""ImportId"":""QID34_1""}","{""ImportId"":""QID34_2""}","{""ImportId"":""QID34_3""}","{""ImportId"":""QID34_4""}","{""ImportId"":""QID34_5""}","{""ImportId"":""QID34_29""}","{""ImportId"":""QID34_14""}","{""ImportId"":""QID12_TEXT""}","{""ImportId"":""QID1"",""choiceId"":""27""}","{""ImportId"":""QID1"",""choiceId"":""28""}","{""ImportId"":""QID1"",""choiceId"":""29""}","{""ImportId"":""QID1"",""choiceId"":""30""}","{""ImportId"":""QID1"",""choiceId"":""31""}","{""ImportId"":""QID1"",""choiceId"":""32""}","{""ImportId"":""QID1"",""choiceId"":""33""}","{""ImportId"":""QID1"",""choiceId"":""35""}","{""ImportId"":""QID1_35_TEXT""}","{""ImportId"":""QID19_x27"",""choiceId"":""1""}","{""ImportId"":""QID19_x27"",""choiceId"":""2""}","{""ImportId"":""QID19_x27"",""choiceId"":""3""}","{""ImportId"":""QID19_x27"",""choiceId"":""4""}","{""ImportId"":""QID19_x27"",""choiceId"":""5""}","{""ImportId"":""QID19_x27"",""choiceId"":""6""}","{""ImportId"":""QID19_x27"",""choiceId"":""7""}","{""ImportId"":""QID19_x27"",""choiceId"":""8""}","{""ImportId"":""QID19_x27"",""choiceId"":""9""}","{""ImportId"":""QID19_x28"",""choiceId"":""1""}","{""ImportId"":""QID19_x28"",""choiceId"":""2""}","{""ImportId"":""QID19_x28"",""choiceId"":""3""}","{""ImportId"":""QID19_x28"",""choiceId"":""4""}","{""ImportId"":""QID19_x28"",""choiceId"":""5""}","{""ImportId"":""QID19_x28"",""choiceId"":""6""}","{""ImportId"":""QID19_x28"",""choiceId"":""7""}","{""ImportId"":""QID19_x28"",""choiceId"":""8""}","{""ImportId"":""QID19_x28"",""choiceId"":""9""}","{""ImportId"":""QID19_x29"",""choiceId"":""1""}","{""ImportId"":""QID19_x29"",""choiceId"":""2""}","{""ImportId"":""QID19_x29"",""choiceId"":""3""}","{""ImportId"":""QID19_x29"",""choiceId"":""4""}","{""ImportId"":""QID19_x29"",""choiceId"":""5""}","{""ImportId"":""QID19_x29"",""choiceId"":""6""}","{""ImportId"":""QID19_x29"",""choiceId"":""7""}","{""ImportId"":""QID19_x29"",""choiceId"":""8""}","{""ImportId"":""QID19_x29"",""choiceId"":""9""}","{""ImportId"":""QID19_x30"",""choiceId"":""1""}","{""ImportId"":""QID19_x30"",""choiceId"":""2""}","{""ImportId"":""QID19_x30"",""choiceId"":""3""}","{""ImportId"":""QID19_x30"",""choiceId"":""4""}","{""ImportId"":""QID19_x30"",""choiceId"":""5""}","{""ImportId"":""QID19_x30"",""choiceId"":""6""}","{""ImportId"":""QID19_x30"",""choiceId"":""7""}","{""ImportId"":""QID19_x30"",""choiceId"":""8""}","{""ImportId"":""QID19_x30"",""choiceId"":""9""}","{""ImportId"":""QID19_x31"",""choiceId"":""1""}","{""ImportId"":""QID19_x31"",""choiceId"":""2""}","{""ImportId"":""QID19_x31"",""choiceId"":""3""}","{""ImportId"":""QID19_x31"",""choiceId"":""4""}","{""ImportId"":""QID19_x31"",""choiceId"":""5""}","{""ImportId"":""QID19_x31"",""choiceId"":""6""}","{""ImportId"":""QID19_x31"",""choiceId"":""7""}","{""ImportId"":""QID19_x31"",""choiceId"":""8""}","{""ImportId"":""QID19_x31"",""choiceId"":""9""}","{""ImportId"":""QID19_x32"",""choiceId"":""1""}","{""ImportId"":""QID19_x32"",""choiceId"":""2""}","{""ImportId"":""QID19_x32"",""choiceId"":""3""}","{""ImportId"":""QID19_x32"",""choiceId"":""4""}","{""ImportId"":""QID19_x32"",""choiceId"":""5""}","{""ImportId"":""QID19_x32"",""choiceId"":""6""}","{""ImportId"":""QID19_x32"",""choiceId"":""7""}","{""ImportId"":""QID19_x32"",""choiceId"":""8""}","{""ImportId"":""QID19_x32"",""choiceId"":""9""}","{""ImportId"":""QID19_x33"",""choiceId"":""1""}","{""ImportId"":""QID19_x33"",""choiceId"":""2""}","{""ImportId"":""QID19_x33"",""choiceId"":""3""}","{""ImportId"":""QID19_x33"",""choiceId"":""4""}","{""ImportId"":""QID19_x33"",""choiceId"":""5""}","{""ImportId"":""QID19_x33"",""choiceId"":""6""}","{""ImportId"":""QID19_x33"",""choiceId"":""7""}","{""ImportId"":""QID19_x33"",""choiceId"":""8""}","{""ImportId"":""QID19_x33"",""choiceId"":""9""}","{""ImportId"":""QID19_x34"",""choiceId"":""1""}","{""ImportId"":""QID19_x34"",""choiceId"":""2""}","{""ImportId"":""QID19_x34"",""choiceId"":""3""}","{""ImportId"":""QID19_x34"",""choiceId"":""4""}","{""ImportId"":""QID19_x34"",""choiceId"":""5""}","{""ImportId"":""QID19_x34"",""choiceId"":""6""}","{""ImportId"":""QID19_x34"",""choiceId"":""7""}","{""ImportId"":""QID19_x34"",""choiceId"":""8""}","{""ImportId"":""QID19_x34"",""choiceId"":""9""}","{""ImportId"":""QID19_x35"",""choiceId"":""1""}","{""ImportId"":""QID19_x35"",""choiceId"":""2""}","{""ImportId"":""QID19_x35"",""choiceId"":""3""}","{""ImportId"":""QID19_x35"",""choiceId"":""4""}","{""ImportId"":""QID19_x35"",""choiceId"":""5""}","{""ImportId"":""QID19_x35"",""choiceId"":""6""}","{""ImportId"":""QID19_x35"",""choiceId"":""7""}","{""ImportId"":""QID19_x35"",""choiceId"":""8""}","{""ImportId"":""QID19_x35"",""choiceId"":""9""}","{""ImportId"":""QID19_x35_TEXT""}","{""ImportId"":""QID21_x27"",""choiceId"":""1""}","{""ImportId"":""QID21_x27"",""choiceId"":""2""}","{""ImportId"":""QID21_x27"",""choiceId"":""3""}","{""ImportId"":""QID21_x27"",""choiceId"":""4""}","{""ImportId"":""QID21_x27"",""choiceId"":""5""}","{""ImportId"":""QID21_x27"",""choiceId"":""6""}","{""ImportId"":""QID21_x27"",""choiceId"":""7""}","{""ImportId"":""QID21_x28"",""choiceId"":""1""}","{""ImportId"":""QID21_x28"",""choiceId"":""2""}","{""ImportId"":""QID21_x28"",""choiceId"":""3""}","{""ImportId"":""QID21_x28"",""choiceId"":""4""}","{""ImportId"":""QID21_x28"",""choiceId"":""5""}","{""ImportId"":""QID21_x28"",""choiceId"":""6""}","{""ImportId"":""QID21_x28"",""choiceId"":""7""}","{""ImportId"":""QID21_x29"",""choiceId"":""1""}","{""ImportId"":""QID21_x29"",""choiceId"":""2""}","{""ImportId"":""QID21_x29"",""choiceId"":""3""}","{""ImportId"":""QID21_x29"",""choiceId"":""4""}","{""ImportId"":""QID21_x29"",""choiceId"":""5""}","{""ImportId"":""QID21_x29"",""choiceId"":""6""}","{""ImportId"":""QID21_x29"",""choiceId"":""7""}","{""ImportId"":""QID21_x30"",""choiceId"":""1""}","{""ImportId"":""QID21_x30"",""choiceId"":""2""}","{""ImportId"":""QID21_x30"",""choiceId"":""3""}","{""ImportId"":""QID21_x30"",""choiceId"":""4""}","{""ImportId"":""QID21_x30"",""choiceId"":""5""}","{""ImportId"":""QID21_x30"",""choiceId"":""6""}","{""ImportId"":""QID21_x30"",""choiceId"":""7""}","{""ImportId"":""QID21_x31"",""choiceId"":""1""}","{""ImportId"":""QID21_x31"",""choiceId"":""2""}","{""ImportId"":""QID21_x31"",""choiceId"":""3""}","{""ImportId"":""QID21_x31"",""choiceId"":""4""}","{""ImportId"":""QID21_x31"",""choiceId"":""5""}","{""ImportId"":""QID21_x31"",""choiceId"":""6""}","{""ImportId"":""QID21_x31"",""choiceId"":""7""}","{""ImportId"":""QID21_x32"",""choiceId"":""1""}","{""ImportId"":""QID21_x32"",""choiceId"":""2""}","{""ImportId"":""QID21_x32"",""choiceId"":""3""}","{""ImportId"":""QID21_x32"",""choiceId"":""4""}","{""ImportId"":""QID21_x32"",""choiceId"":""5""}","{""ImportId"":""QID21_x32"",""choiceId"":""6""}","{""ImportId"":""QID21_x32"",""choiceId"":""7""}","{""ImportId"":""QID21_x33"",""choiceId"":""1""}","{""ImportId"":""QID21_x33"",""choiceId"":""2""}","{""ImportId"":""QID21_x33"",""choiceId"":""3""}","{""ImportId"":""QID21_x33"",""choiceId"":""4""}","{""ImportId"":""QID21_x33"",""choiceId"":""5""}","{""ImportId"":""QID21_x33"",""choiceId"":""6""}","{""ImportId"":""QID21_x33"",""choiceId"":""7""}","{""ImportId"":""QID21_x34"",""choiceId"":""1""}","{""ImportId"":""QID21_x34"",""choiceId"":""2""}","{""ImportId"":""QID21_x34"",""choiceId"":""3""}","{""ImportId"":""QID21_x34"",""choiceId"":""4""}","{""ImportId"":""QID21_x34"",""choiceId"":""5""}","{""ImportId"":""QID21_x34"",""choiceId"":""6""}","{""ImportId"":""QID21_x34"",""choiceId"":""7""}","{""ImportId"":""QID21_x35"",""choiceId"":""1""}","{""ImportId"":""QID21_x35"",""choiceId"":""2""}","{""ImportId"":""QID21_x35"",""choiceId"":""3""}","{""ImportId"":""QID21_x35"",""choiceId"":""4""}","{""ImportId"":""QID21_x35"",""choiceId"":""5""}","{""ImportId"":""QID21_x35"",""choiceId"":""6""}","{""ImportId"":""QID21_x35"",""choiceId"":""7""}","{""ImportId"":""QID21_x35_TEXT""}","{""ImportId"":""QID14_TEXT""}","{""ImportId"":""QID25_1""}","{""ImportId"":""QID25_4""}","{""ImportId"":""QID25_5""}","{""ImportId"":""QID25_6""}","{""ImportId"":""QID25_7""}","{""ImportId"":""QID25_8""}","{""ImportId"":""QID24_1""}","{""ImportId"":""QID24_4""}","{""ImportId"":""QID24_5""}","{""ImportId"":""QID24_6""}","{""ImportId"":""QID24_7""}","{""ImportId"":""QID24_8""}","{""ImportId"":""QID24_9""}","{""ImportId"":""QID24_10""}"
2020-04-10 16:41:26,2020-04-10 16:41:33,1,,100,6,1,2020-04-10 16:41:34,R_ufBPfDBhjzpAgVj,,,,,33.76300048828125,-118.177398681640625,preview,EN,,,,,,,,,,,,,,,dfg,,,1,,,,,,,,,,,,,,,,,,,,,,,,,,,,,,,,,,,,,,,,,,,,,,,,,,,,,,,,,,,,,,,,,,,,,,,,,,,,,,,,,,,,,,,,,,,,,,,,,,,,,,,,,,,,,,,,,,,,,,,,,,,,,,,,,,,,,,,,,,,,,,,,,,,,,,,,,,,,,,,,,,,,,,,
2020-04-10 16:41:50,2020-04-10 16:42:39,1,,100,48,1,2020-04-10 16:42:40,R_3O8MdxRFSCIEqA4,,,,,33.76300048828125,-118.177398681640625,preview,EN,,,,,,,,,,,,,,,dfgdfgfd,1,,1,,,,,,,1,1,,,1,1,,1,,,,,,,,,,,,,,1,,,1,,1,,,,,,,,,,,,,,,,,,,,,,,,,,,,,,,,,,,,,,,,,,,,,,,,,,,,,,,,1,1,1,,,1,1,,,,,,,,,,,,1,,,,,,,,,,,,,,,,,,,,,,,,,,,,,,,,,,,,,,,,,,,,,,fxcv,2,2,3,3,5,,2,2,,,,,,
2020-04-15 08:21:20,2020-04-15 09:33:20,0,71.126.168.168,100,4319,1,2020-04-15 09:33:20,R_x63O3AMUJceegkF,,,,,38.920806884765625,-77.03600311279296875,anonymous,EN,,3,,,,,,100,73,51,31,53,73,46,,,,,,,,,,,,,,,,,,,,,,,,,,,,,,,,,,,,,,,,,,,,,,,,,,,,,,,,,,,,,,,,,,,,,,,,,,,,,,,,,,,,,,,,,,,,,,,,,,,,,,,,,,,,,,,,,,,,,,,,,,,,,,,,,,,,,,,,,,,,,,,,,,,,,,,,,,,,,,6,,,,,,6,3,,,,,,
2020-04-17 15:00:22,2020-04-17 15:06:57,0,107.77.194.85,100,395,1,2020-04-17 15:06:58,R_0GsvYXMT39wOaIh,,(860) 967-5255,natasha.distin@gmail.com,,42.4651947021484375,-83.37129974365234375,gl,EN,03-13-2020,3,,,"We’re being told to use technology as much as possible, but not all students have access to computers and internet. It’s also difficult to get some students to be accountable for their work. ",G Suite,"Technology and internet issues. ",70,70,70,50,50,50,60,"Lesson planning with colleagues and other educators using the same materials. ",,1,,1,,,1,,,,,,,,,,,,1,1,1,1,1,1,1,1,1,,,,,,,,,,1,,,,,1,1,,,,,,,,,,,,,,,,,,,,,1,,,1,1,1,1,,,,,,,,,,,,,,,,,,,,,,,,,,,,,1,1,1,1,1,1,1,,,,,,,,1,,,1,1,1,,,,,,,,,,,,,,,,,,1,1,,1,,,,,,,,,,,,,,,,,N/A,7,7,4,5,1,2,7,7,4,5,3,1,2,5
2020-04-17 15:34:37,2020-04-17 15:39:05,0,72.73.234.161,100,267,1,2020-04-17 15:39:05,R_1ONtsNzwXEkBfIV,,(609) 894-6523,akluzinski@yahoo.com,,40.21539306640625,-74.74669647216796875,gl,EN,04-03-2020,3,,,Getting it done in a timely manner,"Class Dojo, Skype ","Not seeing my kids, some leaning assignments are not going through",53,61,63,40,53,52,35,Just having all my students turn in assignments at a timely manner,,,,1,,,,,,,,,,,,,,,,,,,,,,,,,,,,,,,,,1,,,,1,1,,,,,,,,,,,,,,,,,,,,,,,,,,,,,,,,,,,,,,,,,,,,,,,,,,,,,,,,,,,,,,,,,,,,,,,,,,1,1,,,,,,,,,,,,,,,,,,,,,,,,,,,,,,,,,,,,,,,None,0,0,0,0,0,0,4,0,0,0,0,0,0,0
2020-04-17 15:40:35,2020-04-17 15:46:14,0,104.254.218.126,100,338,1,2020-04-17 15:46:14,R_1JFQzKg3Js4EY86,,(219) 869-0083,Charity_hendress@yahoo.com,,40.3227996826171875,-86.88809967041015625,gl,EN,03-13-2020,3,,,That not all students have the same access to  technology at their homes. Some dont have computers or printers or even a reliable internet.,"Skype, zoom, anything i can get my hands on! I feel like it changes each week as i figure out what works best for my students.","This past week it was internet struggles while on skype. I even upped my internet speed but i still had issues trying to communicate with students, rhere were massive sound issues and i didnt know how to solve them.",44,80,84,94,100,85,68,Trying to figure out the sound issues on skype and whether zoom had better sound and if i should switch my class over to zoom.,,1,,,,,1,,,,,,,,,,,,,,1,,1,1,1,,,,,,,,,,,,,,,,,,,,,,,,,,,,,,,,,,,,,,,1,,,,1,,,,,,,,,,,,,,,,,,,,,,,,,,,,,,,,1,1,,1,,1,,,,,,,,,,,,,,,,,,,,,,,,,,,,,,,,1,1,,,,,,,,,,,,,,,,,,No,7,0,1,0,0,0,0,0,0,0,4,0,0,5
2020-04-17 16:11:55,2020-04-17 16:19:30,0,172.58.140.163,100,455,1,2020-04-17 16:19:30,R_1myFrdGuB7idqbK,,(219) 201-9242,ramslakersfan8@yahoo.com,,41.9031982421875,-87.63829803466796875,gl,EN,03-13-2020,4,,,,,,,,,,,,,"To tutor people in my free time ",,1,,,,1,,,,,,,,,,,,,,,,1,,,,,,,,,,,,,,,,,,,,,,,,,,,,,,,,,,1,,,,,,,,,,,,,,,,,,,,,,,,,,,,,,,,,,,,,,,,,,,,,,,,,1,,,,,,,,,,,,,,,,,,,,,,,,,1,,,,,,,,,,,,,,,,,,,,,,,,,,,5,6,3,1,3,2,5,2,3,5,1,3,2,2
2020-04-17 16:20:35,2020-04-17 16:28:52,0,24.211.223.230,100,496,1,2020-04-17 16:28:52,R_cuyIpeHVBMswEX7,,(919) 518-6191,cathympalmer@gmail.com,,36.0558013916015625,-78.261199951171875,gl,EN,"March 12, 2020",2,"Through Google Classroom when/if they do an assignment ","This is the same question, so same answer..Google Classroom. I am in contact with 1 parent thru Facebook Messenger ",,,,48,22,6,18,60,84,100,Finding online resources that apply to my topic,,1,,,,,,,,,,,,,,,,,1,1,,,,1,,,,,,,,,,,,,,,,,,,,,,,,,,,,,,,,,,,,,,,,,,,,,,,,,,,,,,,,,,,,,,,,,,,,,,,,,,,,1,1,1,,,,,,,,,,,,,,,,,,,,,,,,,,,,,,,,,,,,,,,,,,,,,,,,,,,,,,I sm trying to msintain contact with a young reading student by Facetiming her reading to me,0,0,0,0,0,0,0,0,0,0,1,0,0,4
2020-04-17 16:35:42,2020-04-17 16:43:42,0,174.194.23.153,100,479,1,2020-04-17 16:43:42,R_3MSSISz98nssorE,,(843) 601-9708,Vbmabry@yahoo.com,,35.1934967041015625,-80.82720184326171875,gl,EN,04-17-2020,2,Irregularly via computer,"I have a set time wveryday during the week ",,,,10,9,20,5,50,80,70,Is it wise to even use social media for academic purposes considering the state of things,,,,,,,1,,,,,,,,,,,,,,,,,,,,,,,,,,,,,,,,,,,,,,,,,,,,,,,,,,,,,,,,,1,,,1,,,1,,,,,,,,,,,,,,,,,,,,,,,,,,,,,,,,,,,,,,,,,,,,,,,,,,,,,,,,,,,,,,,,,,1,,,,1,,,,,,,,,,,,,,,,"No ",7,3,6,3,0,1,5,1,1,4,1,7,7,7
2020-04-17 17:00:12,2020-04-17 17:06:39,0,72.208.135.226,100,386,1,2020-04-17 17:06:39,R_2rhYT1gpqjdS8b8,,(480) 208-3551,205ktimms@gmail.com,,32.145294189453125,-110.9456024169921875,gl,EN,03-06-2020,2,Via email and zoom,"Once per week ",,,,23,25,40,82,80,70,100,"Searching for resources ",1,1,,,,,1,,,1,,,1,,,,,,1,,,1,1,,,,,,,,,,,,,,,,,,,,,,,,,,,,,,,,,,,,,,,,,1,,,1,,,,,,,,,,,,,,,,,,,,,,,,,,,,,1,,,,,,,,,,,,,,,,,,,,,,,,,,,,,,,,,,,,,,,,,,,,,,,,,,,,,,,,,,,,,2,,7,7,7,3,,3,,3,,,,3
2020-04-17 17:00:23,2020-04-17 17:07:20,0,107.77.229.27,100,416,1,2020-04-17 17:07:20,R_1PT56Ts0AswvLgr,,(480) 280-1912,sjmyers8@yahoo.com,,33.8350982666015625,-117.865203857421875,gl,EN,03-05-2020,3,,,"They don't understand everything or have mastered the material ","Zoom and Google classroom ","Not all students are able or willing to come to class online ",36,12,20,44,26,21,92,"Most of my students don't have the devices to use ",,,,1,,,1,,,,,,,,,,,,,,,,,,,,,,,,,,,,,,1,,,,,,,,,,,,,,,,,,,,,,,,,,,1,1,1,1,,,,,,,,,,,,,,,,,,,,,,,,,,,,,,,,,,,,,,,,,,,,,,1,,,,1,,,,,,,,,,,,,,,,,,,1,,,,1,,,,,,,,,,,,,,,,"None ",7,7,1,3,0,6,0,0,6,0,0,0,0,7
2020-04-17 17:18:11,2020-04-17 17:24:34,0,108.204.32.232,100,383,1,2020-04-17 17:24:34,R_4IOZartjhkOAggh,,(865) 776-0368,sking@cakmail.org,,35.9243011474609375,-83.99649810791015625,gl,EN,03-13-2020,3,,,Students not remembering or recognizing what the homework is or when it’s due.,"Zoom, Google classroom, screencasts, personal websites, Google drive.",The lack of communication and formative assessment by not being face-to-face.,70,60,80,40,85,60,90,Seeing the status of similar colleagues in terms of job performance.,1,1,,,1,,1,,,,,,,,1,1,1,,,,,,,,1,,,,,,,,,,,,,,,,,,,,,,,1,,,,1,,,,,,,,,,,,,,,,,,,,,,,,,,,,,,,,,,,,,,,,,1,,,,,,,1,,,,,,,,,,,,,,,,,,,,1,,,,,,,,,,,,,,,,,,,,,,,,,,,,,,,,,,,,N/A,0,0,0,0,0,0,0,0,0,0,0,0,0,0
2020-04-17 18:09:42,2020-04-17 18:18:08,0,73.239.230.15,100,505,1,2020-04-17 18:18:08,R_1N4AvUXKMqTvEUh,,(214) 883-5738,Melodylin2014@u.northwestern.edu,,47.8022003173828125,-122.2859954833984375,gl,EN,03-04-2020,3,,,"Some students can view this online learning time as optional, so it is hard to keep everyone on the same learning schedule. Some parents are able to help, while others cannot. Some students have many resources at home, others do not. Also, just getting used to having everything online. ","Google Sites, Google Classroom, YouTube","Some students not accessing lessons or activities due to challenges at home. Also, just the emotional toll of not being able to see students for the rest of the year and wondering about their wellbeing (especially kids whose parents have lost jobs due to COVID-19) ",30,25,25,25,50,50,90,"Practical goals (literally posting my lessons and assignments online), making sure they work, troubleshooting tech issues, lesson planning (seeing other teachers' ideas and templates) ",,1,,,1,,1,,,,,,,,,,,,1,,,1,1,1,1,1,1,,,,,,,,,,,,,,,,,,,1,,,1,1,1,,,,,,,,,,,,,1,,,1,1,1,,,1,,,,,,,,,,,,,,,,,,,,,,,,,,,,,,1,,1,,,,,,,,,,,,,,,,,,,1,,1,,,,,,,,,,,,1,1,,,,,,,,,,,,,,,,,,N/A,5,0,7,0,7,7,0,0,0,0,0,0,0,7
2020-04-17 19:31:12,2020-04-17 19:34:15,0,73.151.199.229,100,183,1,2020-04-17 19:34:16,R_1ClPAq9lSUsLBqw,,(209) 831-7150,jeremy613117@my.yosemite.edu,,37.697601318359375,-121.036895751953125,gl,EN,03-20-2020,2,Email once a week,"See above ",,,,0,0,0,9,10,3,0,Coronavirus,,,,,,,,,,,,,,,,,,,,,,,,,,,,,,,,,,,,,,,,,,,,,,,,,,,,,,,,,,,,,,,,,,,,,,,,,,,,,,,,,,,,,,,,,,,,,,,,,,,,,,,,,,,,,,,,,,,,,,,,,,,,,,,,,,,,,,,,,,,,,,,,,,,,,,,,,,,,,,,,,,,,,,,,,,
2020-04-17 21:11:20,2020-04-17 21:22:05,0,174.234.131.150,100,644,1,2020-04-17 21:22:05,R_pfM0CUp5fBfijh7,,(417) 569-0640,jessica.jarman@hotmail.com,,38.7830047607421875,-90.635101318359375,gl,EN,03/23/2020,2,"We do a weekly zoom call so classmates and myself can still communicate and I can answer any questions. ","Again, we do weekly zoom calls. As well,  I try and check in with parents as needed.",,,,68,59,97,90,100,94,59,"Right now it is making sure that students aren't becoming down and depressed or isolated. I feel if I can keep the lines of communication still open, they won't shut off completely. ",,1,,,1,,1,,,,,,,,,,,,,1,1,,,1,1,,1,,,,,,,,,,,,,,,,,,,,1,1,,,1,1,,1,,,,,,,,,,1,1,,1,1,1,1,1,1,,,,,,,,,,,,,,,,,,,,,,,,,,,1,1,,,,,,,,,,,,,,,,,,,,1,1,,1,1,,,,,,,,,,1,,1,1,1,1,1,,,,,,,,,,,,,,,,"No. Everything was answered properly. ",3,6,7,6,7,7,5,2,0,0,1,1,1,4
2020-04-18 07:53:10,2020-04-18 07:58:11,0,174.235.135.210,100,300,1,2020-04-18 07:58:11,R_3k86j7XNodmqS5A,,(732) 977-8383,lsutiger25@gmail.com,,29.9915008544921875,-90.2469024658203125,gl,EN,03-13-2020,3,,,"Students access to computers, learning all new technology like Microsoft teams and zoom meetings when we only previously used dojo and seesaw....trying to make and create lessons - spending hours for a 30 minute lesson","Zoom, Microsoft teams, google classroom ","The ability to connect with kids, the amount of time it takes to just even the simple things: ie: a 30 minute lesson takes hours to record and stop and redo.... answering emails - all while doing my own kids things for their classes",75,55,95,71,77,89,95,The ability to convey and teach the material but also my students mental health.... we are a tier 1 school,,1,,1,,,1,,,,,,,,,,,,,1,1,1,,,1,,,,,,,,,,,,1,1,,,,,,,,,,,,,,,,,,,,,,,,,,1,,,,,,,,1,,,,,,,,,,,,,,,,,,,,,,,,,,,,1,1,,,,1,,,,,,,,,,,,,1,,,,,,,,,,,,,,,,,,1,1,,1,,,,,,,,,,,,,,,,,"No, just still a learning and work in procgress ",4,3,6,6,1,1,1,1,2,5,1,1,6,6
2020-04-20 15:04:22,2020-04-20 15:08:15,0,104.13.94.218,100,232,1,2020-04-20 15:08:16,R_3eG8LrJNkKKyDWV,,(404) 277-2811,christine_atl@hotmail.com,,33.934295654296875,-84.60759735107421875,gl,EN,03-13-2020,3,,,"Lack of technology ","Zoom, internet","Student engagement ",48,77,47,29,60,90,100,"Learning ",1,1,,,,,,1,Internet,,,,,,1,,,,,,1,,,1,,1,1,,,,,,,,,,,,,,,,,,,,,,,,,,,,,,,,,,,,,,,,,,,,,,,,,,,,,,,,1,1,1,1,1,,,,,,,,,,,,,1,1,,,1,,,,,,,,,,,,,,,,,,,,,,,,,,,,,,,,,,,,,,,,,,,,,,,,,,,,No,6,4,4,4,6,5,1,1,1,1,1,2,1,6
2020-04-14 00:46:30,2020-04-14 00:46:43,0,78.43.40.186,50,13,0,2020-04-21 00:46:45,R_22IUf5UNOMaKWXn,,,,,,,anonymous,EN,04-22-2020,4,,,,,,,,,,,,,,,,,,,,,,,,,,,,,,,,,,,,,,,,,,,,,,,,,,,,,,,,,,,,,,,,,,,,,,,,,,,,,,,,,,,,,,,,,,,,,,,,,,,,,,,,,,,,,,,,,,,,,,,,,,,,,,,,,,,,,,,,,,,,,,,,,,,,,,,,,,,,,,,,,,,,,,,,,,,,,,,,,,,,,,,
2020-04-15 09:33:32,2020-04-16 13:16:42,0,71.126.168.168,88,99789,0,2020-04-23 13:16:54,R_3J9NNLIZy6bR67t,,,,,,,anonymous,EN,04-15-2020,3,,,Everything,Nothing,Everything,45,2,4,40,7,12,4,I don't know,,1,,,,,,,,,,,,,,,,,,,,,,1,1,1,,,,,,,,,,,,,,,,,,,,,,,,,,,,,,,,,,,,,,,,,,,,,,,,,,,,,,,,,,,,,,,,,,,,,,,,,1,,1,,1,,,,,,,,,,,,,,,,,,,,,,,,,,,,,,,,,,,,,,,,,,,,,,,,,,,,,Couldn't say,,,,,,,,,,,,,,
